Tin,Roobbie Macveigh,455,205.8,1989
Hatity,Linn Brookes,145,931.68,1946
Greenlam,Corine Gladdolph,203,276.54,2009
Fintone,Godart Peracco,477,863.02,1931
Bigtax,Malynda Gurdon,468,479.3,1934
Bigtax,Jaquenette Brettoner,491,690.58,1978
Y-find,Mischa Marmyon,254,264.73,1961
Andalax,Monti O'Neal,421,336.76,2016
Ventosanzap,Andy Gjerde,270,719.31,1900
Toughjoyfax,Standford Tyndall,496,866.99,1987
Zontrax,Hedda Warry,75,430.9,1973
Fintone,Marmaduke Palfreeman,150,198.23,1993
Cardify,Ardeen Merrgen,29,641.97,1983
Gembucket,Aguistin Shobrook,206,176.47,1996
Redhold,Jackson Smewin,152,31.89,1942
Asoka,Farica Labet,157,213.09,1952
Domainer,Boy Maunton,442,225.96,2014
Namfix,Dolli Meier,79,309.81,2014
Zaam-Dox,Harry Schohier,14,713.48,1926
Span,Alex Jiroudek,47,982.14,2007
Matsoft,Kaitlyn Lighten,117,214.37,2017
Tempsoft,Denyse Kellett,389,40.4,1981
Biodex,Marga Longmire,365,281.6,1929
Y-find,Jean Stockall,178,601.74,1959
Y-find,Tabina Hulstrom,365,254.32,1941
Ronstring,Maryjo Stennett,293,466.5,1949
Andalax,Kial Spire,309,947.73,1902
Cookley,Brenda Groven,91,581.66,1989
Span,Gert Wetherby,293,791.84,1933
Fintone,Ingmar Insull,91,819.54,1935
Overhold,Fiona Suttell,141,151.8,1959
Duobam,Brade Bromige,50,818.67,1900
Domainer,Rabbi Killner,303,574.76,2015
Prodder,Alexine Iacobucci,23,620.52,2003
Alpha,Sacha Reneke,429,422.1,1915
Andalax,Evie Cowen,13,607.91,1923
Greenlam,Lev Lanon,14,495.98,1923
Ronstring,Udale MacCook,255,343.28,1989
Opela,Fayre Kidds,486,820.94,1989
Toughjoyfax,Raimund Sandaver,367,303.33,1950
Sub-Ex,Adriana Antognelli,212,651.09,1946
Subin,Cam Crevagh,488,575.15,1942
Asoka,Elizabet Coltan,473,384.31,1961
Aerified,Janela Dowsey,210,651.33,2004
Hatity,Quintilla Derby,433,881.93,1995
Stronghold,Padgett Simek,217,391.2,1930
Tres-Zap,Ricardo Rigardeau,226,691.64,2007
Daltfresh,Easter Atack,124,280.99,2000
Subin,Torin Olivi,282,646.88,1909
Ronstring,Angelina Mulvihill,256,631.03,1972
Duobam,Sydel Wolfendale,127,504.76,1953
Zamit,Madelin Coyne,195,143.89,1975
Solarbreeze,Modestine Mosconi,231,323.91,1977
Biodex,Shara Adrain,91,742.39,1978
Zontrax,Dido Freeth,478,513.58,2007
Zontrax,Gunter Longbothom,114,728.07,1974
Bitwolf,Fredrick Hain,212,881.76,2006
Zoolab,Nickolaus Jacobsen,402,75.8,2007
Aerified,Abram Tirone,45,832.2,2010
Bitchip,Sayre Bragginton,331,424.45,1982
Solarbreeze,Persis Bolland,207,815.53,1972
Solarbreeze,Cyndy Beedle,390,980.03,1950
Namfix,Nessi Stonary,170,352.14,1952
Tres-Zap,Catharine Demcik,342,76.85,1983
Bitwolf,Grete Carah,248,427.05,1982
Zontrax,Saudra Branwhite,155,75.2,1925
Y-find,Arlan Risborough,142,233.79,1999
Rank,Artair Tibols,78,656.44,2004
Bigtax,Min Roselli,276,656.4,2014
Duobam,Alwin Di Biasio,246,553.76,1995
Stronghold,Karoly Klimpt,163,507.92,1933
Cookley,Allyson Hulburd,474,774.11,1931
Otcom,Gerry Dobey,36,56.89,1984
Vagram,Millie Dorgan,221,877.52,1910
Stim,Alexandros Wix,257,362.06,1965
Flexidy,Babbie Wrighton,300,622.26,1908
Greenlam,Datha Samweyes,161,765.44,1998
Treeflex,Amalea Pawley,229,864.35,1900
Vagram,Wash Emblow,449,961.17,2000
Cardify,Valentina Tofanini,296,635.27,1916
Biodex,Loralie Burgum,260,150.69,1992
Quo Lux,Gayle Guise,207,681.1,2018
Trippledex,Devondra Simenel,133,629.07,1922
Tampflex,Oby Halpin,186,119.48,1987
Vagram,Aaren Dudin,185,793.14,2014
Zathin,Minnie Giovanitti,26,47.34,1949
Bigtax,Alec Jeandeau,151,143.3,1917
Prodder,Garwood Meco,67,245.16,1900
Transcof,Cathrine Pawley,313,595.18,2014
Tresom,Lemmy Dallywater,122,434.74,1917
Wrapsafe,Bidget Kingaby,364,442.59,1974
Gembucket,Crawford Fynes,469,259.42,1987
Treeflex,Ingaborg Local,94,545.26,1949
Span,Allegra Warstall,79,933.89,2006
Overhold,Marget McCartan,407,402.58,1908
Tampflex,Ericha Behnecke,82,742.69,1911
Andalax,Egan Cobon,318,428.32,1969
Voltsillam,Kirsteni Castelletti,348,112.53,1947
Cardify,Massimo Goodlet,188,205.96,1934
Ventosanzap,Osbourn Chaffer,418,30.41,1936
Tresom,Brandyn Oldroyde,143,923.93,2006
Kanlam,Alexa Alderson,323,108.96,2015
Namfix,Batholomew Gertray,188,788.07,1985
Fix San,Miran Ciccarelli,379,209.08,1946
Gembucket,Celia Gaiger,484,902.48,1953
Fintone,Meir Lippiett,468,492.33,1906
Pannier,Herby Akrigg,344,185.02,1993
Latlux,Lorelle Gingold,11,178.91,2001
Lotstring,Kirby Nobes,242,709.91,1993
Zamit,Merrie Bowerman,109,785.16,1964
Domainer,Mirna Palin,364,316.23,2006
Konklux,Shirl Lapere,319,353.2,2009
Cardify,Patrizia Beckerleg,32,423.75,1923
Tempsoft,Dwight Augustus,54,412.99,1939
Subin,Xylina Biford,10,880.32,1940
Latlux,Torin Elvin,61,145.95,1947
Viva,Barbabas MacAindreis,145,309.01,1907
Otcom,Merrill Kendell,136,827.05,1989
Y-Solowarm,Trstram Allsworth,396,31.67,1957
Vagram,Rube Rankin,118,401.11,1984
Konklab,Reggi Keaveney,167,877.83,1959
Subin,Des Delle,93,439.08,1936
Lotstring,Tom Mounsie,480,728.94,1998
Regrant,Arleta Arthy,417,235.51,1994
Tresom,Carmella Tincknell,171,670.66,1972
Tempsoft,Matt Edmondson,111,309.23,1993
Zathin,Allie Jimmes,47,959.04,1971
Zathin,Paule Cowdray,476,38.8,1957
Alpha,Tisha Gorries,96,641.61,1989
Holdlamis,Sissie Bouzek,142,593.5,1991
Alphazap,Thorndike Greatrex,18,952.2,1909
Stronghold,Doyle Fortoun,125,384.97,1989
Sub-Ex,Brendon Ferrarini,211,150.57,1926
Aerified,Deeyn Matisoff,454,487.37,1970
Opela,Shermy Massimo,18,982.61,1949
Prodder,Micah Popeley,146,689.96,1984
Pannier,Benoite Huckerby,15,275.82,1955
Opela,Ryun Tooth,171,809.8,2008
Solarbreeze,Brendis McMonies,93,197.52,1963
Toughjoyfax,Brandy Oliphant,58,744.67,1980
Zaam-Dox,Gill Heigho,141,300.4,1920
Namfix,Nonah Quadling,317,355.47,1935
Bigtax,Jessa Drissell,362,854.41,1903
Lotlux,Catlee Gratten,179,634.96,1916
Konklab,Christabella Lebrun,102,516.17,1987
Daltfresh,Charley Face,114,77.33,1976
Lotstring,Darb Stickens,162,332.91,1985
Holdlamis,Norman Gregorowicz,414,957.99,2020
Cookley,Aloisia Book,256,391.86,1905
Konklux,Corty Dumingos,271,893.12,1988
Asoka,Hamnet Gibbard,233,545.4,1968
Voltsillam,Meryl Chapman,193,561.31,1990
Cardguard,Bevvy Slorance,110,546.59,1990
Temp,Pauly Bodycomb,480,891.45,2001
Treeflex,Vernor Edowes,411,734.58,1929
Span,Rafe Dunkerly,343,504.28,1998
Keylex,Darice Fiddian,329,297.01,1925
Wrapsafe,Isa Masdin,43,147.42,1998
Namfix,Clyve Shirrell,57,126.67,2012
Bigtax,Crin Bohea,25,507.2,1903
Opela,Johnnie Henkmann,50,593.02,2003
Subin,Alika Idiens,78,757.89,1959
Matsoft,Nyssa Whiterod,163,970.82,1914
Bamity,Norrie Doctor,284,827.75,2011
Vagram,Charlotta McCobb,224,668.08,1906
Andalax,Bria Goodnow,269,905.42,2001
Bitchip,Gary Widdecombe,328,904.96,1969
Span,Henderson Dunkinson,265,280.37,1970
Stringtough,Leonhard Gashion,315,759.26,1931
Cardify,Karin Mensler,193,191.2,2000
Domainer,Marigold Eton,65,520.23,1931
Sonair,Gustavo Hanratty,312,155.08,2012
Stronghold,Dell Robjents,409,958.56,2006
Wrapsafe,Tamra Sowten,15,780.38,1920
Konklux,Corie Le Port,371,162.21,1997
Subin,Merna Tremellier,372,236.66,1986
Bamity,Hardy Durran,26,783.66,1909
Fix San,Teri Bozward,265,809.91,1928
Zamit,Goldia Sayle,251,947.54,2018
Zaam-Dox,Alicea Ledrun,399,958.24,1904
Cookley,Letty O'Doghesty,324,956.49,1900
Solarbreeze,Marsh Phillcox,418,823.6,1980
Voyatouch,Trudey Sheeran,89,718.98,1971
Konklab,Katerine Choak,365,540.53,1923
Treeflex,Terri Pitchers,295,938.8,1912
Viva,Penelopa Pleat,156,416.94,2004
Tin,Emelen Camfield,224,283.09,1953
Hatity,Carlina Churchlow,297,958.88,1970
Trippledex,Anatollo Sidaway,39,36.26,2005
Lotstring,Ezekiel Renfrew,497,902.0,1947
It,Nye Heine,170,453.98,1932
Zaam-Dox,Lindon Brickner,298,193.18,1948
Konklab,Rees Fibbens,272,784.42,1919
Bigtax,Nessi Blune,390,854.93,2014
Voltsillam,Herminia Crenage,321,177.47,1951
Cardify,Stephannie Vorley,387,866.26,2012
Flowdesk,Aron Caldow,36,278.29,1932
Domainer,Asa Reedyhough,316,321.64,1921
Otcom,Bax Roseman,20,69.41,1934
Domainer,Vivian Brotherheed,427,430.03,1926
Tresom,Lief Cridlan,87,538.78,1977
Veribet,Velma Veljes,465,796.1,1993
Quo Lux,Gillan Heugh,86,131.95,1965
Sonair,Oralia Aicken,151,95.41,1914
Keylex,Verge Carlsen,44,235.53,1955
Stringtough,Marsiella Mellor,411,656.42,1990
Temp,Kiley Domney,494,562.14,1940
Cardguard,Jamal Goare,242,700.7,1917
Ventosanzap,Winnie Goodlett,371,714.34,2018
Treeflex,Ricard Scroyton,200,819.16,1933
Alpha,Elbertina Dunseath,343,322.67,1925
Trippledex,Lacie Nern,380,261.91,2006
Zaam-Dox,Shae Copperwaite,389,486.16,1979
Lotstring,Kennie Cullabine,491,97.45,1956
Flexidy,Mattias Kegan,496,102.01,1989
Toughjoyfax,Kenna Cornelis,355,709.15,2015
Cardguard,Cassaundra O'Flannery,337,966.18,2008
Toughjoyfax,Miguela Dancey,168,510.8,2012
Ronstring,Peggie Livard,74,142.63,1946
Vagram,Natka Willoughley,449,99.8,1924
Sonair,Mahmoud Quakley,459,381.3,2017
Cardify,Dolli Bonsul,197,336.23,1931
Y-find,Leena Swatman,225,66.28,2012
Vagram,Benedikta Kubczak,65,446.61,1981
Viva,Wallache Deeves,420,96.79,2003
Temp,Daren Dudding,209,223.55,2002
Voltsillam,Filberte Schulze,124,373.57,2001
Y-find,Calv Avrahm,190,235.99,2015
Veribet,Marja O'Sullivan,314,363.83,1935
Otcom,Antonia Jannex,276,964.25,2019
Tampflex,Gearard Littlekit,443,771.23,1926
Lotstring,Sapphire Skittreal,242,372.82,1948
Tresom,Carmelina Tither,429,544.55,1995
Zaam-Dox,Edwina Rundle,382,118.0,1969
Toughjoyfax,Rooney Quade,350,134.13,1931
Bamity,Drucie Stolze,422,119.56,1907
Cardify,Eddy Gilbride,26,863.48,1989
Domainer,Diandra Grigoryev,439,918.43,1939
Aerified,Wilona Sarjant,312,112.01,1909
Fixflex,Giraldo Vasilchikov,320,40.77,1968
Home Ing,Bea Lamberteschi,22,426.63,1909
Zaam-Dox,Natividad MacHarg,178,163.07,1905
Tin,Kelley Roskams,184,225.7,1993
Mat Lam Tam,Joice Schmuhl,464,389.05,1982
Bigtax,Shanon Garnsworth,382,931.71,1998
Cardguard,Norris Bengle,438,591.18,1910
Lotlux,Adrienne Baldacco,401,992.79,1975
Wrapsafe,Nisse Grime,426,569.03,1902
Voyatouch,Skell Huggan,117,946.13,1922
Wrapsafe,Zuzana Gammon,121,360.02,1974
Voltsillam,Verney Callaghan,125,76.75,1966
Latlux,Byrann MacPhee,132,852.58,1964
Cardify,Ally Wash,286,930.95,2014
Sonair,Zollie Buggs,84,686.87,1927
Biodex,Renelle Pactat,439,526.02,1917
Sub-Ex,Babita Waumsley,259,51.25,2013
Voyatouch,Shaina Wynes,87,421.34,1981
Fixflex,Ami Daly,391,813.09,1936
Y-Solowarm,Boony Klaesson,172,669.51,2012
Daltfresh,Borden Jobke,228,297.69,1932
Fintone,Marabel Jillis,283,485.85,1997
Keylex,Jami Mariaud,205,774.01,1973
Cardguard,Bank Teml,139,814.65,2012
Sonsing,Perl Gourley,180,237.7,1917
Aerified,Welsh McAdam,460,309.89,1950
Zamit,Jens Work,107,425.45,1906
Voyatouch,Alvy Bellocht,281,572.23,2013
Veribet,Antonella Claibourn,310,263.07,1961
Andalax,Flin Ianni,265,612.09,2019
Stim,Devlen Slimming,336,703.07,1934
Konklab,Giustina Farriar,173,482.63,1939
Sonsing,Poppy Gammade,386,610.76,2002
Stim,Celestine Daouse,274,959.57,1967
Tresom,Oswell Gunthorp,267,88.5,1935
Fixflex,Kimberlyn Fagan,490,100.37,1929
Zaam-Dox,Lowe Birkenshaw,65,537.3,1992
Toughjoyfax,Claudia McKyrrelly,217,572.28,2013
Vagram,Layla Apted,341,166.61,1995
Wrapsafe,Tad Kemmish,133,455.68,2019
Greenlam,Ambrose Trewhitt,185,179.43,2011
Home Ing,Petrina O'Hogertie,32,753.28,1994
Asoka,Jeffry Gorioli,308,278.45,1990
Voyatouch,Elwin Montgomery,83,397.11,1905
Vagram,Curr McMeanma,238,573.49,2017
Vagram,Kathi Cawthery,246,718.26,1919
Bamity,Thayne Fanti,371,836.37,1976
It,Kacy Whitbread,413,268.34,1946
Fix San,Gardie Anderson,424,723.06,1913
Lotstring,Teena Alldritt,342,459.42,1904
Konklab,Tamarra Greschik,213,348.96,1901
Hatity,Vinni Senogles,155,236.7,2007
Quo Lux,Star Hugonnet,189,519.87,1985
Latlux,Georgia Gollard,458,697.43,1919
Otcom,Stacey Brader,199,604.64,1961
Voltsillam,Sheba Lindwasser,361,507.56,1911
Transcof,Irene Soggee,126,517.98,1995
Otcom,Gail Freiburger,29,196.61,2009
Zontrax,Mora Corben,47,240.36,1980
Ventosanzap,Johannes Ewer,402,206.14,1994
Bitwolf,Bridget Walsh,57,478.9,1939
Andalax,Orella Watling,235,750.85,1957
Span,Olivie Wateridge,89,575.66,1934
Trippledex,Clifford Ubsdell,59,901.73,1927
Asoka,Octavius Birtwisle,245,246.31,2008
Konklux,Godfrey Paris,102,186.2,1959
It,Emelda Cornelius,486,519.41,1912
Transcof,Ford Carnalan,215,558.15,1932
Job,Gerik Ivimey,88,849.98,1923
Asoka,Rois Purton,204,775.11,2009
Viva,Staci Shephard,94,335.59,2012
Tempsoft,Dermot Bazely,214,356.14,2014
Trippledex,Cynde Witts,265,836.36,2002
Rank,Trumann Stockley,427,330.68,2003
Solarbreeze,Rubie Bavidge,312,902.23,1960
Quo Lux,Kalli Laurenz,48,136.82,1922
Bitwolf,Olva Cockett,252,727.87,2011
Cookley,Carol-jean Adam,85,829.49,1921
Bitwolf,Ursa Pelos,10,824.83,1934
Temp,Kaila Maliffe,93,735.77,1995
Pannier,Clemente Whitebrook,483,300.62,1979
Latlux,Gardie Helliar,230,861.2,2000
Duobam,Gerry Brockway,489,454.41,1996
Cookley,Jed Fedoronko,229,950.72,1963
Stronghold,Dulsea Rasper,263,443.64,1960
Zaam-Dox,Briana Cousans,84,867.99,1940
Fintone,Cleavland Shergill,107,419.2,1941
Redhold,Evonne Bradane,97,273.19,1988
Latlux,Connie Grahamslaw,160,355.55,1986
Y-find,Isadora Wayland,127,541.49,1922
Prodder,Neila Lambal,156,972.2,1964
Lotstring,Carey Novotne,282,300.67,1905
Veribet,Jarrett Tole,276,444.94,1964
Daltfresh,Rorke Najara,168,267.73,1924
Quo Lux,Cyndy McFetridge,82,189.19,1935
Zamit,Franni Pedersen,157,539.86,1953
Zontrax,Georas Shoebotham,289,602.35,1915
Keylex,Zola Martinello,88,270.24,1928
Zoolab,Byrle Ponting,53,132.17,2007
Konklab,Shara Ledur,491,164.13,2008
Tempsoft,Gusti Bendtsen,143,950.95,1940
Hatity,Tait Ashfold,356,311.29,1938
Fixflex,Eirena Starrs,448,588.35,1989
Y-find,Freddie Mingaye,373,416.18,1928
Tampflex,Sybila Screach,143,659.87,2009
Ventosanzap,Sib Donnison,190,622.78,1946
Sonair,Dilan Brocks,153,149.13,1945
Vagram,Katalin Lympenie,144,664.86,1985
Toughjoyfax,Barri Bearcock,449,628.84,1976
Alpha,Neale Rudsdale,53,200.53,2020
Pannier,Trina MacGill,180,370.75,1900
Y-Solowarm,Dasie Chalker,31,936.95,1931
Cardguard,Kathleen Philcock,496,212.13,1914
Viva,Shannan Fisby,12,306.49,1916
Konklux,Shayna Tomisch,279,939.74,1925
Lotlux,Ara Bertot,396,249.66,1914
Asoka,Jolynn Tyreman,242,334.6,1957
Temp,Germaine Cade,298,237.77,1992
Cardify,Rosella Jury,398,496.79,1915
Zoolab,Giulietta Langan,155,57.49,1926
Flowdesk,Melisse Tooze,410,349.62,1954
Prodder,Vinny Kinzett,330,715.69,1986
Asoka,Nadya Bluschke,63,282.53,2003
Gembucket,Neall Low,185,233.17,2007
Fix San,Carlos Trafford,327,374.13,1975
Zathin,Eldridge Skitral,172,411.22,1990
Cookley,Thacher Fenty,344,932.73,1987
Quo Lux,Iseabal Quail,242,289.2,1974
Matsoft,Hannah Mugford,203,642.28,1933
Lotstring,Robena Joris,290,359.85,1926
Fintone,Janis Kryzhov,81,105.88,1939
Pannier,Dolley Michie,367,569.29,1966
Alphazap,Faina Olkowicz,457,767.39,1998
Veribet,Vinny Godard,415,319.61,1905
Ventosanzap,Izzy D'Ambrosio,345,887.63,1933
Zoolab,Thatcher Dooland,69,658.23,1918
Sub-Ex,Cesar Edden,424,996.58,1983
Tres-Zap,Gwen Elvish,283,457.64,1984
Tempsoft,Christiano Oller,200,649.87,1964
Wrapsafe,Dulcie Skoughman,446,551.26,1900
Veribet,Willyt Mundee,321,785.3,1971
Biodex,Lilias Dwight,475,219.56,1946
Overhold,Mannie Dunley,84,668.58,1996
Sonair,Harwilll Heiden,480,403.14,2018
Opela,Lurlene Pippin,329,728.16,1929
Bamity,Orran Luipold,438,986.15,1911
Sonsing,Cynthy Le Grice,214,455.35,2009
Job,Angus Claxson,496,627.83,1913
Sonair,Stormie Pettigree,196,117.91,1954
Lotlux,Ian Roz,304,785.62,1921
Voltsillam,Marijo Pomphrey,19,726.85,1929
Tin,Jeremy Boldt,38,630.95,1913
Biodex,Linell Drayn,152,350.27,2006
Ronstring,Carita Stanman,326,525.46,1951
Subin,Cynthia Fusedale,148,189.38,1934
Rank,Orelee Cristol,213,931.28,1933
Bamity,Gus Moffat,237,252.91,2020
Tampflex,Jo Cutmere,293,344.94,1983
Tampflex,Antonino Bradnick,336,878.31,1952
Fix San,Shayla Anersen,493,471.21,1968
Wrapsafe,Codie Woodburne,155,853.29,1904
Fintone,Donni Keel,12,513.66,1909
Fix San,Ruperta Meeks,95,992.84,2018
Namfix,Haze Geldart,49,103.83,1972
Fintone,Sid Ramsier,80,215.23,1900
Bigtax,Morgun Iacoviello,369,909.62,1933
Zoolab,Joyce Byles,39,392.07,1957
Vagram,Mallory Brea,60,516.95,1958
Stringtough,Thebault Woodyeare,274,206.98,1922
Veribet,Deny Lampel,210,858.74,1921
Cookley,Cornall McManamon,446,741.77,1936
Quo Lux,Winthrop Hemshall,238,526.72,1962
Sub-Ex,Carmon Bratch,193,678.95,1937
Prodder,Ashlan Padefield,479,791.69,1966
Flexidy,Wadsworth Maasz,354,493.81,1943
Bitchip,Cesare Linton,309,911.9,2017
Konklab,Audi Mc-Kerley,108,545.28,1931
Konklux,Grier Hodcroft,36,546.05,1928
Tresom,Thekla Scarsbrooke,285,209.38,1961
Konklab,Meghann Rudall,312,932.66,1914
Fixflex,Deni Astbury,187,33.73,1974
Voltsillam,Junie Bath,485,573.03,1927
Y-find,Kailey Maruska,107,249.83,1947
Voyatouch,Mikel Gibbonson,372,181.58,2007
Stringtough,Esdras McCowen,392,289.1,1998
Zathin,Ertha Simonot,300,842.76,1917
Pannier,Olin Everson,470,705.91,1923
Job,Paloma Mingauld,487,991.91,1998
Bigtax,Garrik De Domenicis,262,509.81,1907
Sonair,Devy Goodere,272,630.97,1970
Bigtax,Cullin Askell,440,400.28,1991
Home Ing,Paulie Crossby,211,54.15,1983
Zamit,Thane Bonass,98,993.65,1995
Wrapsafe,Mahmud Nelsen,478,347.73,1934
Opela,Kent Tiuit,386,187.4,1965
Veribet,Gael Berling,85,459.6,1947
Matsoft,Lancelot Thecham,262,948.85,1926
Zontrax,Eolande Rea,421,847.43,1963
Zamit,Rudiger Tythe,419,461.68,1990
Cardguard,Lovell Bebis,322,190.07,2018
Asoka,Micaela Matresse,18,171.21,1902
Bigtax,Drusie Salzburger,260,716.39,2011
Zontrax,Lowell Lishman,42,555.9,1937
Duobam,Bil Kelland,466,680.29,1999
Domainer,Rafi Creffeild,109,692.67,1908
Span,Augustine Shaw,459,214.41,1937
Lotstring,Fabio Bedding,152,472.55,1903
Pannier,Suzie Ottawell,263,430.56,1995
Tampflex,Trevar Gunbie,47,670.17,1921
Flexidy,Selle Polsin,321,909.64,2017
Hatity,Jaquelin Le Monnier,109,651.27,1935
Quo Lux,Lazarus Shekle,219,852.32,1920
Flexidy,Catlaina Sussex,87,571.26,1970
Keylex,Nevins Lewinton,307,200.16,1951
Ventosanzap,Augustina Tabb,36,807.95,1945
Rank,Harriett Crocombe,425,954.33,1987
Bamity,Leanora Tibalt,258,98.45,2007
Temp,Maxy Vater,126,279.39,2019
Tempsoft,Pepillo O' Donohue,313,761.47,1940
Keylex,Gill Dunks,151,253.54,1939
Mat Lam Tam,Freddie Clayfield,216,783.58,1983
Trippledex,Levon Strangeways,460,609.5,2002
Y-find,Sybille Nelmes,407,428.29,1980
Y-find,Jareb Bastin,427,246.42,1976
Konklux,Pietro Gorler,489,377.54,1924
Lotlux,Darrin Wycliff,189,623.28,1950
Holdlamis,Jemie Santello,131,119.04,1922
Sonsing,Merrili Kempster,217,509.97,2013
Toughjoyfax,Bevvy Brok,206,247.91,1970
Stim,Inga Swatten,374,989.83,1952
Fixflex,Alexine Currin,243,794.97,1937
Stim,Dal Cray,229,325.76,1941
Duobam,Addie Antoszczyk,106,403.63,1959
Stronghold,Blisse Munton,472,297.34,1933
Cookley,Carmen Semorad,278,557.8,1992
Voltsillam,Berthe Faulconbridge,72,118.13,1927
Tres-Zap,Lauritz McCosker,33,554.21,2006
Subin,Meir Whitcher,227,978.07,1956
Zaam-Dox,Kellen Coast,351,794.91,1902
Bitchip,Min Pettifer,342,839.05,1959
Duobam,Cairistiona Pothbury,261,714.58,1972
Keylex,Kimmy Morrall,248,439.07,1937
Gembucket,Cathy Wille,235,540.72,1951
Tampflex,Helyn Parlett,130,146.73,1936
Otcom,Rickard Corbie,161,359.65,1990
Span,Francis Reany,354,592.03,1983
Stronghold,Garwin Wogden,348,562.65,2001
Hatity,Melitta Vescovo,331,365.3,1955
Prodder,Maje Leason,346,389.29,2004
Duobam,Michele Arbor,89,957.54,1953
Sonsing,Sigismond Behling,382,890.46,1941
Hatity,Amandie MacCallester,122,598.16,1971
Tres-Zap,Mata Verbeke,349,601.37,1920
Daltfresh,Salomo Candelin,446,534.34,1978
Bamity,Wye Lothlorien,493,924.37,1970
Overhold,Coreen Blincow,383,291.92,1956
Mat Lam Tam,Eleanora Heninghem,420,922.79,1953
Flowdesk,Zia MacIlhagga,264,636.12,2010
Andalax,Ingelbert Benedettini,292,643.55,1947
Flowdesk,Thekla Buse,396,389.92,1993
Job,Humfried Gideon,273,751.87,1983
Subin,Sholom Boddice,112,650.16,1941
Veribet,Brody Tichelaar,474,695.45,1950
Opela,Gizela De Fraine,285,407.73,2005
Subin,Pearl Longman,179,820.92,1987
Zoolab,Marshal Reven,403,997.02,1996
Y-find,Dorene Ewenson,265,816.2,1901
Cookley,Catha Backshall,477,792.49,1972
Wrapsafe,Jessamyn Bulbrook,181,456.15,1966
Lotlux,Ailyn Tilio,214,992.87,1902
Matsoft,Alexine Pellett,493,184.44,1922
Y-find,Vivi Fenty,202,732.07,1992
Temp,Bucky Fancott,395,489.1,1929
Trippledex,Clemens Mealiffe,263,881.33,1996
Ronstring,Abeu Daglish,79,969.5,2012
Rank,Zenia Hallybone,302,838.48,1990
Prodder,Lancelot Plumb,179,534.86,1947
Duobam,Oliy Gaskamp,462,357.0,1919
Zaam-Dox,Jaymie Stopher,145,795.51,2019
Mat Lam Tam,Travers McElree,344,778.48,1989
Toughjoyfax,Tore D'Alessandro,380,78.84,2007
Stim,Earlie Krollmann,227,229.01,1949
Temp,Ellswerth Rosevear,444,150.93,1945
Treeflex,Arthur Gutowska,324,53.41,1914
Greenlam,Blair Brosel,169,35.89,1970
Bytecard,Kelcie Boyer,194,869.95,1950
Prodder,Theadora Humpherston,214,995.58,1966
Fintone,Betsey Corrison,301,283.02,1999
Holdlamis,Fayina Speechley,295,689.26,1932
Fix San,Kristin D'Aubney,363,935.85,2020
Prodder,Laney Tithecote,342,915.1,1905
Veribet,Reed Millward,445,132.29,1981
Biodex,Chrisse Itzkovwitch,133,988.38,1964
Voyatouch,Filmore Idle,168,401.97,1943
Latlux,Ally Naylor,49,339.61,1931
Trippledex,Cassandry Honniebal,105,557.64,1923
Bigtax,Jodi Getsham,385,225.85,1901
Opela,Janina Frantzen,301,270.16,1987
Sonsing,Jolee Sofe,455,304.23,1931
Bytecard,Brita Ravenscroft,165,741.85,1952
Duobam,Carlin Parslow,325,287.02,1980
Domainer,Lira Baylie,387,84.82,1910
Bitwolf,Ethan Rudd,467,111.31,1939
Bigtax,Damon Pilch,489,396.85,1969
Pannier,Martelle Westmoreland,272,54.54,1965
It,Linn Castelow,203,655.72,1944
Bitchip,Heda Formigli,496,572.96,2006
Temp,Cassie Stickels,464,209.43,1918
Asoka,Glenine Bussel,33,706.41,1909
Stringtough,Simon Maylott,428,896.76,1974
Y-find,Kayne Beilby,403,860.33,1960
Sub-Ex,Fremont Demoge,196,700.24,1931
Prodder,Billye Barthelmes,211,437.24,1918
Zontrax,Eachelle Tenaunt,484,67.45,1952
Holdlamis,Kore Blamey,359,555.29,1995
Flowdesk,Chrisse Keddy,86,77.44,1964
Voltsillam,Stace Leatherbarrow,418,477.45,1919
Tempsoft,Portie Goodwins,403,859.81,2015
Transcof,Alessandra Wardesworth,90,120.73,2012
Prodder,Luis Trett,433,477.92,1935
Bitwolf,Gianni Edmeads,495,718.88,1975
Sub-Ex,Iver Besnardeau,441,723.77,1938
Fintone,Urbain Cromack,150,665.79,1962
Quo Lux,Matthias Bedow,453,703.77,1965
Veribet,Collette Raubenheimers,83,768.61,1972
Andalax,Else Remer,464,455.12,1939
Flowdesk,Myrilla Bunkle,154,332.85,2011
Voyatouch,Rose Tolmie,124,588.3,1932
Cardify,Pepe Comer,284,790.45,1935
Matsoft,Ashil Seefus,470,408.94,1965
Tres-Zap,Saree Chillcot,400,624.85,1985
Pannier,Che Ainsbury,392,464.0,1961
Transcof,Yank Perford,184,565.13,1965
Bytecard,Iormina Ansill,97,246.02,1940
Temp,Seline Lebourn,257,827.72,1937
Alpha,Mariska Heskins,78,363.44,1964
Opela,Nanny Hanlon,313,288.74,1958
Tampflex,Cathi Wannop,311,791.47,1917
Transcof,Carmen Brockhurst,334,825.67,1957
Cookley,Thorn Coate,89,217.83,2006
Latlux,Carleton Bremner,126,245.72,2005
Alphazap,Augustina Houston,343,859.4,2007
Solarbreeze,Kris Blaber,408,803.65,2012
Kanlam,Neddy Barlas,423,148.7,1982
Otcom,Brucie Banham,126,963.82,2004
Wrapsafe,Carleton Markham,77,592.48,1935
Wrapsafe,Ferdie Rickaby,266,618.39,2012
Mat Lam Tam,Liliane Leader,38,397.13,2005
Latlux,Killian Mahedy,271,978.56,2001
Alphazap,Cecilius Chaloner,167,845.86,1983
Vagram,Clerkclaude Heyfield,428,464.48,2007
Bamity,Annissa Bisterfeld,56,505.87,1989
Stringtough,Salim Murch,73,165.1,1924
Redhold,Hermione Tilston,117,200.73,1943
Voyatouch,Thibaud Brandrick,19,714.53,1984
Overhold,Stefania Garrals,158,703.1,1979
Domainer,Rodney Dimitru,498,485.89,1970
Pannier,Eberhard Leafe,65,740.48,1954
Domainer,Carce Ledward,92,426.65,1995
Sonsing,Tamas Laming,107,124.49,1928
Alpha,Archie Castleton,269,681.1,2009
Tresom,Lyell Pomphrett,223,658.5,2014
Hatity,Rivi Reppaport,276,871.73,2003
Subin,Stephen Blant,48,454.65,1908
Kanlam,Paddy O'Sheeryne,388,918.75,1936
Fix San,Ailene Veschi,294,117.26,1922
Y-find,Charline Krochmann,336,204.06,1984
Trippledex,Jarrid Boards,120,474.06,1915
Transcof,Sacha Swains,209,603.52,1935
Lotstring,Kean Walklot,427,450.6,1909
Cardguard,Claudius MacIlraith,220,302.08,1908
Fix San,Raffaello Goodhew,240,667.26,1976
Keylex,Austine Balfour,35,475.99,1905
Andalax,Cly MacGragh,123,886.0,1996
Voltsillam,Nelson Gittings,111,493.83,1937
Tres-Zap,Daryn Mulroy,41,627.98,1988
Mat Lam Tam,Rachael Piggrem,127,57.86,1971
Subin,Sollie Pirozzi,255,77.97,1940
Tempsoft,Allyson Ring,409,793.34,1953
Fixflex,Mechelle Luxton,170,925.49,1984
Tres-Zap,Gaylene Snelling,428,809.21,1976
Transcof,Danielle Ladley,137,710.5,2011
Stronghold,Elnora Scamp,388,225.32,1966
Fixflex,Joachim Truwert,482,283.81,1910
Alpha,Read Ayris,249,991.99,1970
Bitwolf,Gustavus Clawe,191,379.3,1977
Vagram,Genia Dudin,396,101.91,1904
Solarbreeze,Agnola Broader,371,264.96,1958
Zaam-Dox,Yvonne Loughead,458,865.36,1997
Greenlam,Teodoro Lambart,482,848.76,1901
Trippledex,Arel Ervine,11,160.27,1953
Toughjoyfax,Elsbeth Burchfield,31,560.61,1958
Ronstring,Glyn Simion,28,476.18,1958
Veribet,Regine Sills,149,623.15,1962
Sonair,Ward Alderwick,38,872.47,1988
Trippledex,Dory Bissatt,250,559.05,1960
Konklab,Ellen Americi,186,247.47,2000
Stringtough,Eba Eusden,471,861.56,1935
Lotlux,Randie Jaquest,263,689.03,1900
Hatity,Wallache Rendbaek,131,291.31,1983
Tresom,Bertrando Do Rosario,42,289.41,1930
Konklux,Celene Naul,154,105.86,1906
Y-find,Filide Farlambe,147,618.01,1981
Holdlamis,Amelina Temple,456,807.58,1981
Flowdesk,Thaddeus Fawdrie,225,443.61,2002
Opela,Madelin Gorrick,83,998.53,1970
Prodder,Cecil Sillars,156,521.03,1917
Stim,Lorianne Parzizek,481,971.19,1948
Opela,Elisa Heape,378,330.1,1943
Bitwolf,Calv Hamlington,81,978.98,1983
Zontrax,Ezechiel Buddell,311,236.39,1983
Y-Solowarm,Edouard MacKay,25,480.7,2010
Konklux,Durante Wathell,62,811.77,1900
Cardguard,Muffin McDonell,185,44.63,1909
Alphazap,Glenn Peplow,379,148.4,1982
Home Ing,Flora Panter,206,687.72,2016
Sonsing,Tally Sloss,117,370.36,1971
Fix San,Tybi Sherebrook,410,980.91,1901
Biodex,Ashton Fidock,90,226.07,1959
Tres-Zap,Remy Pither,261,972.6,1903
Ronstring,Kaila Linkie,229,827.8,1906
Transcof,Alexia Polglase,414,983.54,1961
Latlux,Hallie McGilleghole,180,367.67,1953
Greenlam,Claudina MacTeggart,389,475.22,1965
Zaam-Dox,Elana Lebarree,178,996.59,1909
Prodder,Virginia Finley,81,673.43,2003
Konklab,Susana Ivatt,467,639.19,1996
Y-Solowarm,Saul Ragbourn,56,173.61,2006
Job,Arabele Orfeur,227,333.12,1989
Duobam,Wit Kinkaid,326,280.39,1924
Greenlam,Kati Farnsworth,449,219.83,1952
Biodex,Cornelius Rudham,184,771.2,1949
Domainer,Homere Krolak,232,897.62,1934
Zaam-Dox,Ivonne Bennedsen,52,449.54,1937
Latlux,Bernadene De Launde,336,734.38,1989
Lotlux,Madelena Shillinglaw,473,279.87,1971
Quo Lux,Jacques Iwanowicz,285,803.94,1906
Asoka,Gabriellia Miskin,212,322.84,1959
Gembucket,Tanya Munton,412,138.32,1946
Trippledex,Immanuel Pedrocco,276,965.93,1970
It,Theresina Ferrulli,311,582.99,1963
Fixflex,Hillie Tenniswood,482,826.19,1956
Transcof,Bettine Aubrun,230,393.6,1942
Konklux,Andy Ferrao,298,411.91,2006
Home Ing,Margareta McCathy,446,749.15,1995
Sonsing,Florance Hedworth,143,229.2,1991
Alpha,Sigismond McGiffie,333,970.0,1902
Span,Enrico Smitten,262,664.27,1963
Y-Solowarm,Curtis Veel,264,533.47,1940
Domainer,Marcile Primett,413,538.67,1979
Zoolab,Hermon Portriss,160,185.56,2014
Hatity,Benoite Crossingham,51,825.66,1937
Tempsoft,Renata Boxen,226,460.92,1929
Stim,Arliene Hunnicot,139,108.98,1961
Solarbreeze,Archambault Forgie,37,539.99,2017
Latlux,Orv Quelch,144,963.36,2000
Lotlux,Mike Giocannoni,70,46.0,1983
Bytecard,Charles Lafayette,322,367.86,1914
Trippledex,Garrot Furphy,427,895.57,1939
Biodex,Blanch Breissan,452,919.33,1969
Konklux,Ronna Edel,311,954.49,1919
Toughjoyfax,Ada Drinkeld,286,113.05,1936
Bytecard,Tamra Greenstreet,338,686.53,1968
Toughjoyfax,Lucky Suddaby,185,927.85,1973
Voltsillam,Everard Bianco,106,647.0,1953
Latlux,Alvy Goodenough,419,340.87,1968
Opela,Brianne Ambrosio,414,432.89,1954
Job,Danette Issit,374,984.51,1984
Cardify,Pepillo Hamberston,46,277.81,1975
Otcom,Care Baudts,121,491.04,1954
Regrant,Goldia Carlucci,247,274.03,1968
Span,Cynthie Augustus,243,347.08,1966
Mat Lam Tam,Cleon Santora,185,383.33,1963
Zamit,Jonis Gurg,201,706.09,1945
Toughjoyfax,Valaree Dibbe,227,775.14,1942
Andalax,Aleece Larner,407,752.7,1998
Overhold,Willem Yude,104,832.78,2009
Wrapsafe,Sondra Lempel,306,630.94,1967
Konklab,Abby Lamberto,80,466.62,1910
Daltfresh,Baudoin Strong,298,431.52,1957
Daltfresh,Lyle Noonan,416,527.53,1984
Gembucket,Rhodie Milland,412,73.39,1916
Voyatouch,Tomasine Newrick,425,69.59,1973
Solarbreeze,Hedda Arney,27,661.37,1965
Sonsing,Willyt Jeens,29,513.24,1990
Solarbreeze,Roma Linn,73,390.07,1900
Trippledex,Maire Perritt,140,962.13,1913
Viva,Izaak Byer,58,877.67,1972
Biodex,Pete Della,220,170.99,1973
Overhold,Marilee Ottee,308,715.84,1925
Zoolab,Alan Devlin,107,495.09,2013
Biodex,Decca Matejovsky,179,361.86,1979
Toughjoyfax,Broderic Tuckwood,183,536.09,1977
Sonsing,Godiva Lemmanbie,414,907.55,1907
Cardguard,Sigfried Cogdell,96,108.57,2003
It,Sherie Andrez,23,921.08,1962
Stronghold,Holly Jirick,395,198.3,2010
It,Kaycee Lucio,51,785.98,1949
Duobam,Brandice Shambrooke,85,528.19,1981
Lotstring,Yul Langforth,362,423.61,1906
Bigtax,Armand Hackworthy,363,978.11,1939
Y-find,Windy Stepto,394,983.35,1989
Overhold,Gabriellia Wiburn,287,914.46,2000
Sub-Ex,Jaine Outlaw,18,320.69,1971
Stim,Florenza Brik,81,539.08,1907
Tresom,Twyla Farnon,310,353.73,1925
Job,Aline Heaphy,225,861.04,1903
Viva,Josefa Andreaccio,427,899.57,1963
Redhold,Sarena Prium,140,454.2,1971
Trippledex,Ximenes Linggard,16,976.24,1953
Latlux,Muriel Harsum,37,818.83,1909
Flowdesk,Osborne Scott,446,763.38,1981
Zathin,Reine Ham,76,872.0,1965
Bamity,Orelie Bridgen,231,63.71,2020
Fix San,Berton Hague,328,807.28,1963
Pannier,Luce Mityushin,70,352.53,2005
Treeflex,Eden Flight,495,268.38,1944
Solarbreeze,Lethia Esche,423,828.81,1985
Transcof,Phoebe Grigolashvill,219,590.02,1987
Latlux,Margaux Turl,354,197.94,1941
Flowdesk,Trisha Holsall,191,485.43,2011
Stim,Lewes McGahy,240,675.6,1939
Lotlux,Federica Rosenberg,214,240.37,2015
Latlux,Itch Pinhorn,196,797.7,1903
Bamity,Myer Dumbar,476,485.39,1997
Alpha,Lillian Benezet,109,840.38,2011
Tempsoft,Archer Chaudhry,421,489.11,1913
Viva,Laurella Wealthall,261,918.46,1998
Transcof,Glyn Weigh,262,94.49,1961
Tres-Zap,Alameda Stutely,256,426.48,1973
Konklux,Suzanne Mora,333,652.47,1981
Opela,Jaye Gantzman,199,503.13,1917
Voyatouch,Conny Bennedsen,282,403.36,1928
Prodder,Gardie Allebone,309,75.96,1940
Tampflex,Morgan Monkhouse,270,913.28,1986
Ronstring,Miguel Axcel,254,91.85,1984
Tin,Zora Noke,172,847.14,2010
Fix San,Mersey Purselowe,219,332.03,1976
Aerified,Pammy Carle,13,340.49,2008
Kanlam,Jorge Duignan,74,71.94,1924
Greenlam,Emiline Mynett,373,673.37,1963
Solarbreeze,Stanwood Rusling,169,391.3,2008
Duobam,Brandon Schistl,23,157.7,1976
Voyatouch,John Thamelt,313,328.25,1927
Zoolab,Alvis Routley,339,951.06,1963
Otcom,Andriana Lantiff,395,768.6,1994
Zontrax,Gerda Fabb,183,984.28,2000
Treeflex,Berkeley Meysham,150,502.73,1979
Aerified,Krisha MacClure,145,736.82,1961
Job,Humberto Deluce,34,232.19,2009
Tresom,Griswold Duignan,175,711.55,1920
Latlux,Windy Benstead,25,726.39,1922
Rank,Kristofer Sparhawk,97,564.13,1960
Ronstring,Grete Kildale,248,529.48,1946
Sonair,Janel Edgson,360,591.25,1945
Mat Lam Tam,Beverie Tapping,337,754.99,1930
Bytecard,Dierdre Daunay,393,429.39,1995
Sonsing,Cher Manklow,29,498.15,1988
Subin,Fredi Paige,466,670.83,2019
Job,Aleta Scyone,449,543.73,1985
Y-Solowarm,Costanza Walklett,384,847.02,1978
Bigtax,Matty Heintsch,442,174.87,1915
Cookley,Nicolle Phizakarley,418,106.7,2001
Cardify,Letti Oldknowe,410,285.5,1911
Lotstring,Dynah Adlem,274,372.17,1972
Wrapsafe,Curr Lattin,488,766.71,1991
Cardguard,Monique Pawden,286,680.85,1962
Latlux,Kitti Harverson,468,48.91,1926
Voyatouch,Kristoffer Pottberry,328,408.88,1942
Subin,Tracie Jirus,305,498.58,2012
Konklab,Marlowe Bosse,18,915.39,1988
Daltfresh,Hilde De Filippis,380,937.26,1925
Span,Consuela Brasher,127,148.99,1947
Transcof,Marcella Ison,171,923.95,1965
Stringtough,Jeromy Corradi,495,72.79,2016
Konklux,Clare Assad,419,418.68,1926
Zaam-Dox,Joann Simkovitz,205,41.42,1917
Bitchip,Haily Brimson,199,985.92,2014
Flexidy,Greg Berkowitz,85,895.01,1917
Zaam-Dox,Ethan Illingsworth,180,667.79,1959
Home Ing,Debor Jozwiak,434,169.22,1915
Rank,Linnet Kemet,386,698.45,1907
Bigtax,Shea Labone,152,812.74,1948
Job,Jacky Greensides,326,939.38,1995
Matsoft,Humfrid Croy,301,938.64,1978
Tres-Zap,Leoline Jobin,32,327.51,2005
Tresom,Georgie Tyt,133,442.42,1924
Fix San,Jeni Jouannot,249,249.65,1909
Home Ing,Caresa Fawley,373,877.52,1913
Redhold,Dulciana Comport,388,848.2,1966
Fix San,Hermine Aingel,317,75.84,1962
Lotstring,Lyndell Harwin,324,444.12,1908
Treeflex,Charita Venus,19,837.58,1952
Quo Lux,Holmes Larenson,233,299.47,1998
Bamity,Ellis Burkett,267,887.18,1960
Vagram,Neal Martugin,384,392.4,1982
Opela,Brigida Dabinett,466,666.14,1920
Konklab,Reeta Luckman,475,326.41,1961
Voltsillam,Pepita Livoir,67,288.12,1936
Bytecard,Temple Clemenson,239,85.06,1905
Fix San,Yuri Beyer,416,196.86,1942
Holdlamis,Frazer Cutbirth,255,206.17,2012
Toughjoyfax,Anthe Dicken,28,362.14,1930
Greenlam,Cordie Witard,126,529.05,1946
Kanlam,Shirlee Baldick,321,586.31,1999
Sonsing,Renie Donlon,274,618.53,2015
It,Vasily Shankle,456,830.81,1968
Home Ing,Callie Pinkie,271,335.62,2011
Alphazap,Lurleen Bennington,102,296.88,1964
Pannier,Ingmar Popland,296,753.35,1994
Ventosanzap,Nichole Stovine,13,766.86,1949
Y-Solowarm,Melessa Thom,25,680.94,2005
Otcom,Fionnula Hastwall,106,428.52,1949
Vagram,Yevette Matheson,262,194.35,1911
Voltsillam,Benny Daubney,438,981.19,1987
Andalax,Winfred Scedall,39,551.48,1917
Fixflex,Guillema Whitehurst,88,767.54,1964
Bitchip,Merrielle McErlaine,45,794.42,1916
Voltsillam,Jolee Fortescue,325,502.56,1985
Toughjoyfax,Ashby Marval,229,242.5,1991
Flexidy,Bonita Joslow,243,41.57,2003
Zamit,Conroy Gergely,433,578.48,2000
Vagram,Dun Dobrowolski,57,433.91,1976
Bitwolf,Nancy Beranek,288,578.33,2003
Latlux,Fremont Curry,370,194.46,1975
Tres-Zap,Corey Rigler,264,140.22,1995
Otcom,Wenda Tonks,341,744.74,2003
Bytecard,Maurizia Santer,491,513.99,1982
Span,Carmel Wink,360,389.76,1955
Zamit,Irena Puddan,495,989.64,1908
Overhold,Jermain Byham,209,715.16,2008
Rank,Gerardo Haughey,145,606.37,1976
Bitwolf,Modestine Gauler,280,790.21,2019
Fix San,Mallorie Lashley,168,77.93,1900
Zoolab,Vladamir Ivanshintsev,79,445.7,1960
Namfix,Corabel Wickstead,13,473.44,1943
It,Urbano Avory,308,519.27,1946
Zoolab,Astrid Endersby,390,149.66,2019
Span,Kurt Cicetti,180,915.38,1958
Stronghold,Zonda Gartell,416,880.69,1918
Tempsoft,Anett Mc Grath,256,625.77,1936
Tresom,Maurene Whimpenny,152,94.78,1927
Job,Nerita Twiddell,271,332.45,2005
Ronstring,Letizia Marven,297,241.53,2020
Duobam,Corrianne Brameld,439,236.22,1979
Pannier,Bernard Biernat,403,634.66,1966
Pannier,Nicol Lamming,268,662.45,1996
Zontrax,Fabian Esherwood,101,670.47,1989
Keylex,Faulkner Aldrin,94,533.93,1999
Stringtough,Darrelle Woodwind,162,73.57,1985
Stronghold,Ben Duckers,25,440.12,1978
Fixflex,Phillip Janko,442,669.65,1956
Bytecard,Lebbie Dedham,421,159.51,1943
Fintone,Stanislaus Seedull,227,619.77,1958
Keylex,Esther Kauble,392,439.65,1961
Redhold,Marlie Quickenden,479,444.94,1959
Stringtough,Grata Theml,68,182.89,1904
Overhold,Nolie Pedlingham,76,755.65,1926
Regrant,Massimiliano Sussex,12,720.48,1986
Asoka,Arline Capey,189,431.37,1908
Zamit,Rubi Capnor,112,536.9,2006
Latlux,Traci Gayler,318,284.78,1929
Konklux,Kylen Fulun,94,633.37,1956
Holdlamis,Hinze Mc Coughan,101,967.76,1979
Home Ing,Gwendolyn Boswood,397,621.21,1972
Prodder,Dinny Borthram,330,286.31,1960
Lotlux,Jolee Crocken,27,573.94,2010
Konklab,Irwinn Ellicock,46,63.34,1967
Solarbreeze,Aksel Scaddon,293,674.69,1993
Solarbreeze,Ab Mumford,271,269.68,2020
Tresom,Kiley Kynder,126,102.09,2013
Redhold,Willa Dagnan,220,477.9,1949
Zontrax,Hinda Constanza,255,608.88,1966
Flowdesk,Kyrstin Dumke,355,297.01,1978
Keylex,Orsa Ryding,421,268.59,1949
Aerified,Alley Gallone,155,221.03,1996
Cardguard,Asher Yurevich,336,639.6,1928
Holdlamis,Fidela Iffe,217,744.8,1902
Ronstring,Stepha Jobbins,155,88.46,1975
Rank,Maribel Waylett,353,273.96,1909
Zoolab,Alvis Whapple,449,452.82,1993
Sub-Ex,Arch Pancast,347,837.05,2009
Ventosanzap,Carlynn Fleming,446,111.89,1981
Mat Lam Tam,Andreas Kirkby,500,596.93,2010
Solarbreeze,Alberik Costock,362,151.54,1919
Regrant,Lynde Rolance,306,349.9,1943
Wrapsafe,Devon Keysall,232,355.35,1927
Tresom,Alyson Coskerry,252,190.52,1967
Fixflex,Trenna Weatherburn,45,749.09,1926
Viva,Min Laity,150,860.33,1968
Konklab,Ramonda Boylin,148,541.38,1988
Ventosanzap,Drusi Dalwood,303,98.73,1980
Matsoft,Eduardo Giffkins,257,305.9,1980
Fintone,Aleece Tabard,141,99.27,1965
Home Ing,Con Tibald,334,475.61,1991
Holdlamis,Audry Consterdine,190,925.09,1935
Tres-Zap,Petronilla Greenan,376,756.62,1989
Regrant,Olivette Spacie,496,715.86,1973
Prodder,Horton Krzysztof,18,73.97,1960
Tres-Zap,Homerus Scoyles,342,407.6,1977
Holdlamis,Leeanne Lotwich,497,761.88,2005
Aerified,Forrest Towse,421,849.98,1939
Cardguard,Kevyn Tuvey,478,655.46,1966
Fixflex,Janean Milligan,102,581.75,1950
Bitchip,Torie Marquet,32,44.78,1952
Transcof,Debera Stamp,223,603.84,1955
Biodex,Carmelle Duley,465,436.5,2015
Andalax,Chad Crompton,245,385.91,1915
Zamit,Ame Magne,207,640.12,2003
Quo Lux,Rosabella Stern,134,86.46,1970
Viva,Zebulen Bratten,122,903.59,1942
Domainer,Elna Deppen,74,633.06,2020
Gembucket,Brook Snalom,152,90.07,2009
Prodder,Leigh Showell,427,395.93,1918
Bitwolf,Fiona Collabine,144,198.17,1907
Y-find,Kanya Penhalurick,442,862.24,1960
Fix San,Darcy Semonin,185,922.21,1941
Lotlux,Klara Crockatt,356,90.17,1990
Stim,Sonja Raddish,174,919.9,2001
Cardguard,Hedvig Zanicchi,395,545.36,1985
Trippledex,Vi Gantlett,462,720.32,2008
Tresom,Huey Tarry,176,535.31,1916
Stringtough,Gaye Mulvany,267,733.04,1979
Matsoft,Manfred Gripton,137,617.05,1942
Treeflex,Zonnya Labbett,371,749.83,2005
Matsoft,Gaynor Ancketill,493,234.48,1973
Sonsing,Trey Bohlin,87,749.01,1985
Bamity,Ladonna Bullon,275,43.88,2012
Duobam,Sheba Callender,105,364.54,1992
Transcof,Wyn Ashingden,436,196.49,1943
Temp,Diandra Lyons,156,69.6,1954
Zoolab,Pat Gould,443,482.85,1940
Lotstring,Padraic Tilburn,464,454.8,2017
Span,Dode Haggidon,252,465.49,1952
Solarbreeze,Marni Bernardo,188,725.54,1927
Gembucket,Maxi Hylton,406,366.6,1918
Konklux,Letisha Petrasch,464,849.4,1931
Matsoft,Antoni Jurkiewicz,69,192.59,1959
Zamit,Ronica Cherry,420,715.44,1927
Prodder,Elna Wonfor,368,86.78,1991
Bytecard,Sammy Daspar,193,747.69,1969
Pannier,Vick Riccardelli,20,182.46,1916
Cardify,Jamesy Wem,415,932.23,1924
Opela,Lisa Wile,349,758.48,1937
Voltsillam,Inger Russe,291,792.67,1910
Voltsillam,Happy Orman,334,336.25,1933
Zontrax,Rena Evennett,91,99.46,1973
Bamity,Bunny Gerbl,283,529.85,1944
Flowdesk,Dorella Haselhurst,50,885.15,1976
Bytecard,Riley Marle,407,425.37,2002
Rank,Caspar Bidder,66,274.58,1931
Biodex,Ammamaria Manicom,17,175.81,2004
Latlux,Napoleon Seakin,124,941.99,2005
Subin,Lawton Surgood,235,501.56,1914
Bytecard,Thaddeus McConville,51,216.36,1916
Zontrax,Davide Laughlin,147,627.4,2003
Bitchip,Tomi O'Meara,420,512.59,2016
Overhold,Nolly Betton,360,984.02,1952
Cardguard,Carina Gelly,219,672.12,1955
Fixflex,Dexter Levane,70,141.12,1925
Lotstring,Barr Guidelli,415,56.01,2009
